{"0":-0.21324053406715393,"1":0.06613326072692871,"2":0.02841036580502987,"3":-0.12665466964244843,"4":-0.10968656092882156,"5":-0.08745972812175751,"6":-0.0978199690580368,"7":-0.11259633302688599,"8":0.0728907436132431,"9":-0.048784200102090836,"10":0.2289692759513855,"11":-0.07509500533342361,"12":-0.23816728591918945,"13":-0.04174170270562172,"14":-0.0285980012267828,"15":0.14409969747066498,"16":-0.04825018718838692,"17":-0.08885747939348221,"18":-0.11998394131660461,"19":-0.17884021997451782,"20":-0.013009189628064632,"21":0.07847213745117188,"22":0.0002972899528685957,"23":0.07945995777845383,"24":-0.08452622592449188,"25":-0.2360372245311737,"26":-0.0629533976316452,"27":-0.10795871168375015,"28":-0.029802778735756874,"29":-0.0433446429669857,"30":-0.04116281867027283,"31":-0.003970462363213301,"32":-0.21689267456531525,"33":-0.13267996907234192,"34":0.08215479552745819,"35":0.13901054859161377,"36":-0.06628607958555222,"37":0.014888341538608074,"38":0.1902667135000229,"39":0.03429407626390457,"40":-0.11367515474557877,"41":0.04837597906589508,"42":0.1276693344116211,"43":0.28424641489982605,"44":0.14138977229595184,"45":0.07721526175737381,"46":0.009114919230341911,"47":-0.029521619901061058,"48":0.07144444435834885,"49":-0.26671862602233887,"50":0.09760655462741852,"51":0.12301196157932281,"52":0.1927453726530075,"53":-0.006713638547807932,"54":0.1268790066242218,"55":-0.15290574729442596,"56":-0.00024943871540017426,"57":0.1633863002061844,"58":-0.15459848940372467,"59":0.0836763083934784,"60":0.09282834082841873,"61":-0.0053222570568323135,"62":-0.10994561016559601,"63":-0.06852952390909195,"64":0.27785494923591614,"65":0.20950625836849213,"66":-0.14296557009220123,"67":-0.07082817703485489,"68":0.14036129415035248,"69":-0.09320620447397232,"70":-0.06734293699264526,"71":0.08248267322778702,"72":-0.13176675140857697,"73":-0.15199051797389984,"74":-0.2908361852169037,"75":0.09229284524917603,"76":0.3749310374259949,"77":0.10943971574306488,"78":-0.20539860427379608,"79":-0.022871138527989388,"80":-0.01564212143421173,"81":0.0693816989660263,"82":0.11007541418075562,"83":-0.026725517585873604,"84":-0.11504600942134857,"85":-0.02061995305120945,"86":-0.023745222017169,"87":0.017211804166436195,"88":0.1639312505722046,"89":-0.004755414556711912,"90":-0.04411711171269417,"91":0.1642611026763916,"92":0.041438426822423935,"93":0.04967976734042168,"94":0.031451351940631866,"95":0.033865123987197876,"96":-0.05462876334786415,"97":-0.13869310915470123,"98":-0.15596027672290802,"99":0.0067891268990933895,"100":0.02080354280769825,"101":-0.05200057104229927,"102":0.025676311925053596,"103":0.0978567972779274,"104":-0.17486494779586792,"105":0.03113327920436859,"106":-0.013033279217779636,"107":-0.07674769312143326,"108":-0.10148613899946213,"109":0.08814597874879837,"110":-0.0691380724310875,"111":-0.04188135638833046,"112":0.10604818910360336,"113":-0.21168601512908936,"114":0.20379184186458588,"115":0.1858152598142624,"116":-0.06315955519676208,"117":0.08945638686418533,"118":0.10692772269248962,"119":-0.017306838184595108,"120":0.03605644032359123,"121":0.026604674756526947,"122":-0.08585652709007263,"123":-0.13556252419948578,"124":0.07126981765031815,"125":-0.022393852472305298,"126":0.0878487080335617,"127":0.03340212628245354}