{"0":-0.11635790020227432,"1":0.11316926777362823,"2":0.037629082798957825,"3":-0.02548682503402233,"4":-0.10402067005634308,"5":-0.02252151072025299,"6":-0.053276125341653824,"7":-0.07466547191143036,"8":0.056449055671691895,"9":-0.11130813509225845,"10":0.24101191759109497,"11":-0.04332250729203224,"12":-0.1633613407611847,"13":-0.03963866084814072,"14":-0.06970556080341339,"15":0.14877711236476898,"16":-0.1826135665178299,"17":-0.18801213800907135,"18":-0.06482931226491928,"19":-0.053289804607629776,"20":0.051173534244298935,"21":-0.08060647547245026,"22":-0.0383608415722847,"23":0.03811215981841087,"24":-0.16533523797988892,"25":-0.29256075620651245,"26":-0.07012638449668884,"27":-0.06177862361073494,"28":0.1101924479007721,"29":-0.02268647588789463,"30":-0.01545744203031063,"31":-0.06473961472511292,"32":-0.18381033837795258,"33":0.002530618105083704,"34":0.03409562632441521,"35":0.009241201914846897,"36":-0.03185953199863434,"37":-0.056199587881565094,"38":0.17519505321979523,"39":-0.05794335901737213,"40":-0.22371184825897217,"41":0.08620838075876236,"42":0.09132570773363113,"43":0.2624821960926056,"44":0.16752173006534576,"45":0.09061829000711441,"46":0.005648105870932341,"47":-0.13415156304836273,"48":0.10326138138771057,"49":-0.23745140433311462,"50":0.12172843515872955,"51":0.1505534052848816,"52":0.133591890335083,"53":0.0715227872133255,"54":0.08597471565008163,"55":-0.12154605239629745,"56":0.042041126638650894,"57":0.19954586029052734,"58":-0.15124328434467316,"59":0.0676756352186203,"60":-0.008196420967578888,"61":0.052763018757104874,"62":0.07967153191566467,"63":-0.0999106913805008,"64":0.17848479747772217,"65":0.08869044482707977,"66":-0.08983182907104492,"67":-0.1211300790309906,"68":0.18054522573947906,"69":-0.1544874608516693,"70":-0.05558152496814728,"71":0.06908757239580154,"72":-0.05393992364406586,"73":-0.21967701613903046,"74":-0.3170132339000702,"75":0.04072067141532898,"76":0.38646551966667175,"77":0.2564966082572937,"78":-0.1371690332889557,"79":0.02168775163590908,"80":-0.02259647287428379,"81":-0.025262540206313133,"82":0.12076063454151154,"83":0.019017908722162247,"84":-0.1499631553888321,"85":-0.0976274162530899,"86":-0.0877983570098877,"87":0.0015711147570982575,"88":0.2598588466644287,"89":-0.0038788863457739353,"90":-0.020617585629224777,"91":0.1950351744890213,"92":0.02185812033712864,"93":-0.03215881809592247,"94":-0.028730036690831184,"95":0.04186112433671951,"96":-0.13325238227844238,"97":0.030154235661029816,"98":-0.12429242581129074,"99":-0.0517040491104126,"100":-0.0031430379021912813,"101":-0.025418974459171295,"102":0.020317891612648964,"103":0.1693926304578781,"104":-0.23482704162597656,"105":0.06328326463699341,"106":-0.013930496759712696,"107":-0.01945766620337963,"108":-0.014034179039299488,"109":0.11721403151750565,"110":-0.07856675237417221,"111":-0.05278985574841499,"112":0.07261145114898682,"113":-0.23157697916030884,"114":0.20252245664596558,"115":0.23208175599575043,"116":0.1085105836391449,"117":0.0937952771782875,"118":0.15370093286037445,"119":-0.04169046878814697,"120":0.036319516599178314,"121":-0.0841052383184433,"122":-0.15704907476902008,"123":-0.04581368342041969,"124":0.0673886239528656,"125":-0.08544732630252838,"126":0.0634656473994255,"127":0.05846763774752617}