{"0":-0.21063484251499176,"1":0.06223662197589874,"2":0.026346217840909958,"3":-0.03140336275100708,"4":-0.18835559487342834,"5":-0.022901112213730812,"6":-0.09076312929391861,"7":-0.10159585624933243,"8":0.09194779396057129,"9":-0.1342301368713379,"10":0.20100736618041992,"11":-0.00598170468583703,"12":-0.20892179012298584,"13":-0.0922645628452301,"14":-0.03430592641234398,"15":0.12492617219686508,"16":-0.14987576007843018,"17":-0.14726240932941437,"18":-0.017250146716833115,"19":-0.04683714359998703,"20":0.12327349185943604,"21":-0.04017142951488495,"22":0.035509008914232254,"23":0.009779267944395542,"24":-0.1385498195886612,"25":-0.36241263151168823,"26":-0.05484335124492645,"27":-0.0671466737985611,"28":0.05579352751374245,"29":-0.09524601697921753,"30":-0.012887250632047653,"31":-0.00195427518337965,"32":-0.2489655464887619,"33":-0.05616455897688866,"34":-0.026689769700169563,"35":0.11821629106998444,"36":0.020186034962534904,"37":0.059132326394319534,"38":0.14189188182353973,"39":-0.06957947462797165,"40":-0.24889741837978363,"41":0.02423274889588356,"42":0.036600276827812195,"43":0.24322600662708282,"44":0.20443765819072723,"45":0.06685115396976471,"46":0.011683776043355465,"47":-0.07228270918130875,"48":0.10749635845422745,"49":-0.2632375657558441,"50":0.05382692068815231,"51":0.1359149068593979,"52":0.07977334409952164,"53":-0.036646127700805664,"54":0.010818591341376305,"55":-0.0837218165397644,"56":0.052841465920209885,"57":0.1289636343717575,"58":-0.15308219194412231,"59":0.11348740011453629,"60":0.1596672534942627,"61":-0.12041636556386948,"62":-0.07479928433895111,"63":-0.016211172565817833,"64":0.23687705397605896,"65":0.02968732640147209,"66":-0.1457168012857437,"67":-0.13329888880252838,"68":0.11584287136793137,"69":-0.1554039865732193,"70":-0.03728797286748886,"71":0.07448262721300125,"72":-0.10047781467437744,"73":-0.2091304361820221,"74":-0.3605943024158478,"75":0.04796741530299187,"76":0.47313833236694336,"77":0.14170204102993011,"78":-0.20849791169166565,"79":0.06702987104654312,"80":-0.049077488481998444,"81":0.0644182562828064,"82":0.16007037460803986,"83":0.12411659955978394,"84":-0.03478313982486725,"85":-0.004128261469304562,"86":-0.1699138581752777,"87":0.04327419772744179,"88":0.1763947308063507,"89":-0.0031530081760138273,"90":-0.014644969254732132,"91":0.23324815928936005,"92":0.05729345604777336,"93":0.09421573579311371,"94":0.04623780399560928,"95":0.13925163447856903,"96":-0.11367201805114746,"97":-0.08076527714729309,"98":-0.13782773911952972,"99":-0.024057729169726372,"100":0.046311523765325546,"101":-0.05389280617237091,"102":-0.014162912033498287,"103":0.1272158920764923,"104":-0.11179181933403015,"105":0.1810390204191208,"106":-0.07903754711151123,"107":0.05753593519330025,"108":-0.016366787254810333,"109":-0.0256489384919405,"110":-0.038702379912137985,"111":-0.0542716421186924,"112":0.05758140608668327,"113":-0.20696453750133514,"114":0.15530215203762054,"115":0.2154606729745865,"116":0.03168926015496254,"117":0.14583195745944977,"118":0.14839698374271393,"119":0.029806580394506454,"120":0.008407923392951488,"121":0.018248962238430977,"122":-0.20142288506031036,"123":-0.0659649446606636,"124":0.018838927149772644,"125":-0.12615402042865753,"126":0.09406338632106781,"127":0.01938534341752529}