{"0":-0.066734679043293,"1":0.12152524292469025,"2":0.0048337965272367,"3":0.03458976373076439,"4":-0.022269513458013535,"5":0.005383438430726528,"6":-0.03572641313076019,"7":-0.03798796609044075,"8":0.17287276685237885,"9":-0.10075756162405014,"10":0.27018165588378906,"11":-0.0812816396355629,"12":-0.26869645714759827,"13":-0.03981797397136688,"14":-0.07174619287252426,"15":0.1412954479455948,"16":-0.17367632687091827,"17":-0.11769088357686996,"18":-0.11528953909873962,"19":0.012425570748746395,"20":0.06594918668270111,"21":-0.0704665407538414,"22":0.023937052115797997,"23":0.08083873987197876,"24":-0.043321721255779266,"25":-0.3620174527168274,"26":-0.05964916571974754,"27":-0.12061548978090286,"28":0.055695053189992905,"29":-0.18227243423461914,"30":-0.0800931379199028,"31":0.008092555217444897,"32":-0.18502506613731384,"33":-0.08324577659368515,"34":-0.03569304570555687,"35":0.018934940919280052,"36":-0.05446852743625641,"37":-0.025912420824170113,"38":0.17971020936965942,"39":-0.013735122047364712,"40":-0.20891715586185455,"41":0.11140623688697815,"42":-0.012060072273015976,"43":0.3163483142852783,"44":0.13259509205818176,"45":0.09311611950397491,"46":-0.038939930498600006,"47":-0.1049303188920021,"48":0.08940405398607254,"49":-0.2374710738658905,"50":0.06317131221294403,"51":0.22237330675125122,"52":0.09443584829568863,"53":0.10096169263124466,"54":0.05048114433884621,"55":-0.10640629380941391,"56":0.020027246326208115,"57":0.044799115508794785,"58":-0.15053167939186096,"59":0.05553991347551346,"60":0.09140143543481827,"61":0.042164482176303864,"62":0.04456516355276108,"63":-0.06607188284397125,"64":0.1856774240732193,"65":0.08467944711446762,"66":-0.11689959466457367,"67":-0.1311754733324051,"68":0.079090915620327,"69":-0.14458158612251282,"70":0.0007848591776564717,"71":0.08969242870807648,"72":-0.12986116111278534,"73":-0.2259383201599121,"74":-0.2248615026473999,"75":0.08854483813047409,"76":0.4107607901096344,"77":0.12208085507154465,"78":-0.1076161339879036,"79":0.03488888964056969,"80":-0.11314058303833008,"81":-0.07481319457292557,"82":0.05952782556414604,"83":0.053677789866924286,"84":-0.061903711408376694,"85":-0.015390998683869839,"86":-0.07786791026592255,"87":0.05865132063627243,"88":0.1633918434381485,"89":-0.03493762016296387,"90":-0.03755826875567436,"91":0.183640256524086,"92":-0.02664925716817379,"93":-0.02177557349205017,"94":0.018357891589403152,"95":0.06281225383281708,"96":-0.10067567974328995,"97":0.02808343805372715,"98":-0.16326917707920074,"99":0.014556321315467358,"100":-0.018189456313848495,"101":-0.07724637538194656,"102":-0.05529824644327164,"103":0.022529931738972664,"104":-0.12911847233772278,"105":0.06722655147314072,"106":0.027697650715708733,"107":0.002217730972915888,"108":0.027822716161608696,"109":0.11381006240844727,"110":-0.18591345846652985,"111":-0.07669240236282349,"112":0.10777821391820908,"113":-0.28697827458381653,"114":0.26500189304351807,"115":0.17185714840888977,"116":0.13486051559448242,"117":0.04694125056266785,"118":0.08966176956892014,"119":0.05970865115523338,"120":0.017600053921341896,"121":-0.014735735021531582,"122":-0.1396573781967163,"123":-0.08261947333812714,"124":0.08568946272134781,"125":0.04951678216457367,"126":0.009805234149098396,"127":-0.03498181700706482}