{"0":-0.1585443913936615,"1":0.09554868191480637,"2":0.019582290202379227,"3":-0.030008994042873383,"4":-0.11044138669967651,"5":0.05658211559057236,"6":-0.1178419440984726,"7":-0.09245467185974121,"8":0.12914341688156128,"9":-0.05815935134887695,"10":0.3108097016811371,"11":0.0015107588842511177,"12":-0.21072492003440857,"13":-0.03619898855686188,"14":-0.1040119007229805,"15":0.1609722524881363,"16":-0.22391252219676971,"17":-0.08808433264493942,"18":-0.004690845031291246,"19":-0.015501501969993114,"20":0.06810451298952103,"21":0.05319497361779213,"22":-0.08428589999675751,"23":0.05534921586513519,"24":-0.07787498831748962,"25":-0.31212732195854187,"26":-0.01204756647348404,"27":-0.10364143550395966,"28":0.09849230945110321,"29":-0.12824647128582,"30":-0.022268513217568398,"31":0.052064426243305206,"32":-0.10982835292816162,"33":-0.027037590742111206,"34":0.04811430349946022,"35":0.13278402388095856,"36":-0.08012068271636963,"37":-0.046573102474212646,"38":0.17575646936893463,"39":0.013135266490280628,"40":-0.1693374365568161,"41":0.05849017947912216,"42":0.054629579186439514,"43":0.339398592710495,"44":0.1742916852235794,"45":0.054215189069509506,"46":-0.018086368218064308,"47":-0.12749983370304108,"48":0.1787671148777008,"49":-0.2512848377227783,"50":-0.008938668295741081,"51":0.20400026440620422,"52":0.16469696164131165,"53":0.10526581853628159,"54":0.008760219439864159,"55":-0.133943110704422,"56":0.07086150348186493,"57":0.04434312507510185,"58":-0.22332695126533508,"59":-0.017210735008120537,"60":0.08664757013320923,"61":-0.028809821233153343,"62":0.05447676032781601,"63":-0.0603129044175148,"64":0.15913383662700653,"65":0.011239062063395977,"66":-0.10897181928157806,"67":-0.11626655608415604,"68":0.07591834664344788,"69":-0.13199461996555328,"70":-0.12774452567100525,"71":0.05973224341869354,"72":-0.12697283923625946,"73":-0.22646045684814453,"74":-0.3061293959617615,"75":0.03370582312345505,"76":0.36224496364593506,"77":0.18010574579238892,"78":-0.13060994446277618,"79":0.07849857956171036,"80":-0.02343429997563362,"81":-0.08742199093103409,"82":0.05729870870709419,"83":0.04637257382273674,"84":-0.05490080267190933,"85":-0.050882142037153244,"86":-0.09023062884807587,"87":-0.006814231630414724,"88":0.19606082141399384,"89":-0.03325865417718887,"90":0.04295141249895096,"91":0.18509607017040253,"92":0.056596528738737106,"93":0.007485312409698963,"94":0.022394556552171707,"95":0.10025868564844131,"96":-0.1202155128121376,"97":0.01180447731167078,"98":-0.13534687459468842,"99":-0.07783105969429016,"100":-0.0420568622648716,"101":-0.0036995362024754286,"102":0.07790746539831161,"103":0.09395433962345123,"104":-0.23723480105400085,"105":0.22501051425933838,"106":0.020810753107070923,"107":-0.0007827053195796907,"108":0.02036064863204956,"109":-0.018178017809987068,"110":-0.0972626656293869,"111":-0.003445606678724289,"112":0.15599820017814636,"113":-0.2291075587272644,"114":0.17962375283241272,"115":0.17467592656612396,"116":0.1746198683977127,"117":0.1391315460205078,"118":0.13993299007415771,"119":-0.012124860659241676,"120":-0.06662934273481369,"121":-0.039566077291965485,"122":-0.15976259112358093,"123":-0.09945431351661682,"124":0.03439005836844444,"125":-0.036092229187488556,"126":0.02572486363351345,"127":-0.0009546331712044775}