{"0":-0.06093887239694595,"1":0.09668765962123871,"2":-0.024016469717025757,"3":-0.06628324836492538,"4":-0.09863099455833435,"5":-0.06601772457361221,"6":-0.07138530910015106,"7":-0.13813704252243042,"8":0.12186405807733536,"9":-0.09638024121522903,"10":0.20061737298965454,"11":-0.07581635564565659,"12":-0.23676353693008423,"13":-0.08631665259599686,"14":-0.051908038556575775,"15":0.18619637191295624,"16":-0.1062944158911705,"17":-0.14214470982551575,"18":-0.1331169754266739,"19":-0.0006557595916092396,"20":0.10825543105602264,"21":0.036076027899980545,"22":0.01871555671095848,"23":0.04115487262606621,"24":-0.05154486373066902,"25":-0.3004714846611023,"26":-0.06790671497583389,"27":-0.06138700619339943,"28":-0.014711196534335613,"29":-0.035014208406209946,"30":-0.06812433153390884,"31":0.0543443039059639,"32":-0.19266608357429504,"33":-0.08414875715970993,"34":0.05817481130361557,"35":0.08398029953241348,"36":-0.031814005225896835,"37":-0.08667206019163132,"38":0.18287356197834015,"39":-0.0006154433940537274,"40":-0.26398801803588867,"41":0.07912617921829224,"42":0.023965630680322647,"43":0.21123342216014862,"44":0.20761342346668243,"45":0.003999229054898024,"46":0.038326196372509,"47":-0.17621245980262756,"48":0.1400035321712494,"49":-0.14631515741348267,"50":0.049436748027801514,"51":0.18556447327136993,"52":0.09531984478235245,"53":0.06026006117463112,"54":0.03297138959169388,"55":-0.1196466013789177,"56":0.07995853573083878,"57":0.10719438642263412,"58":-0.1017892137169838,"59":-0.03467211499810219,"60":0.1646827608346939,"61":-0.037695080041885376,"62":-0.04018329828977585,"63":-0.12189292162656784,"64":0.19522133469581604,"65":0.015521603636443615,"66":-0.147160142660141,"67":-0.15387976169586182,"68":0.09509775042533875,"69":-0.11582080274820328,"70":-0.09893196076154709,"71":0.05252208560705185,"72":-0.19598962366580963,"73":-0.18885649740695953,"74":-0.307515949010849,"75":0.048098865896463394,"76":0.3885349929332733,"77":0.13414569199085236,"78":-0.24300232529640198,"79":0.0697171539068222,"80":-0.015631267800927162,"81":0.04342804104089737,"82":0.15183888375759125,"83":0.15358667075634003,"84":-0.01376347802579403,"85":0.041724350303411484,"86":-0.0930844321846962,"87":-0.014333589002490044,"88":0.2244073450565338,"89":-0.052561722695827484,"90":-0.05859138444066048,"91":0.24522165954113007,"92":0.010208460502326488,"93":0.07785069197416306,"94":0.04718828201293945,"95":0.03434857726097107,"96":-0.03593697026371956,"97":-0.014082557521760464,"98":-0.1307099163532257,"99":0.028227267786860466,"100":0.0520143024623394,"101":-0.0528450682759285,"102":-0.056024666875600815,"103":0.10508839786052704,"104":-0.09025901556015015,"105":0.13143344223499298,"106":-0.03436662629246712,"107":0.10347858816385269,"108":-0.022417234256863594,"109":-0.0403316430747509,"110":-0.08710756152868271,"111":-0.036939091980457306,"112":0.09889455884695053,"113":-0.15060868859291077,"114":0.19384746253490448,"115":0.12549160420894623,"116":0.08826226741075516,"117":0.06726685166358948,"118":0.17150291800498962,"119":0.08957649767398834,"120":-0.004293400328606367,"121":0.0017233866965398192,"122":-0.25033682584762573,"123":-0.06623554974794388,"124":0.1389414370059967,"125":0.0071939826011657715,"126":0.10588308423757553,"127":0.01279791072010994}