{"0":-0.17792217433452606,"1":0.1271357238292694,"2":0.08829096704721451,"3":-0.025242174044251442,"4":-0.1582765281200409,"5":-0.0715753436088562,"6":-0.09516715258359909,"7":-0.10292218625545502,"8":0.07100900262594223,"9":-0.13294002413749695,"10":0.17215242981910706,"11":-0.03559289127588272,"12":-0.10648743063211441,"13":-0.05082594230771065,"14":-0.051741860806941986,"15":0.12330994755029678,"16":-0.1806827038526535,"17":-0.12097620964050293,"18":-0.08065780997276306,"19":-0.08646903932094574,"20":0.08079978078603745,"21":0.0633089691400528,"22":-0.03125252574682236,"23":0.050298772752285004,"24":-0.11277178674936295,"25":-0.29577359557151794,"26":-0.05889888107776642,"27":-0.073274165391922,"28":0.15876708924770355,"29":-0.1345091313123703,"30":-0.03618302568793297,"31":-0.07554084062576294,"32":-0.20940831303596497,"33":-0.06206411123275757,"34":-0.014034459367394447,"35":0.05219072848558426,"36":0.0482611209154129,"37":-0.029298854991793633,"38":0.14573034644126892,"39":-0.0859052911400795,"40":-0.28295913338661194,"41":0.026171615347266197,"42":0.06100059300661087,"43":0.2756538987159729,"44":0.21782749891281128,"45":0.05621156468987465,"46":-0.007788467220962048,"47":-0.11569134145975113,"48":0.17273575067520142,"49":-0.1948612928390503,"50":0.13497845828533173,"51":0.10267433524131775,"52":0.051504626870155334,"53":0.0237884521484375,"54":0.0394279919564724,"55":-0.11422242224216461,"56":0.01050711702555418,"57":0.11885392665863037,"58":-0.17559459805488586,"59":0.07759757339954376,"60":0.12925349175930023,"61":-0.040898874402046204,"62":0.010191534645855427,"63":-0.023766642436385155,"64":0.17357130348682404,"65":0.051578398793935776,"66":-0.07086371630430222,"67":-0.22135227918624878,"68":0.12343423068523407,"69":-0.22706498205661774,"70":-0.05332393944263458,"71":0.12073136121034622,"72":-0.05179482698440552,"73":-0.14172999560832977,"74":-0.36271417140960693,"75":0.030725810676813126,"76":0.49132460355758667,"77":0.1761440634727478,"78":-0.14877386391162872,"79":0.0816630944609642,"80":-0.05587591975927353,"81":-0.043112900108098984,"82":0.20334702730178833,"83":0.11638391762971878,"84":-0.04028444364666939,"85":0.03421028330922127,"86":-0.07872524112462997,"87":0.10104969143867493,"88":0.24237944185733795,"89":0.016449585556983948,"90":-0.07427982240915298,"91":0.19486670196056366,"92":0.038205742835998535,"93":0.007378329522907734,"94":0.020973630249500275,"95":0.1015552505850792,"96":-0.11701274663209915,"97":0.006994526833295822,"98":-0.08439280092716217,"99":-0.013945527374744415,"100":0.09990102797746658,"101":0.02677035517990589,"102":0.021921632811427116,"103":0.15769487619400024,"104":-0.16230539977550507,"105":0.22061701118946075,"106":-0.01295140665024519,"107":0.05261426046490669,"108":-0.012884058989584446,"109":0.007841052487492561,"110":-0.0812457799911499,"111":-0.017145829275250435,"112":0.12835770845413208,"113":-0.20146715641021729,"114":0.20915591716766357,"115":0.15078677237033844,"116":0.059960294514894485,"117":0.13317716121673584,"118":0.11014559864997864,"119":0.0045865681022405624,"120":0.05981394276022911,"121":-0.04592641443014145,"122":-0.16943326592445374,"123":-0.04619194194674492,"124":0.07810889184474945,"125":-0.12068893015384674,"126":0.17204341292381287,"127":0.05830015614628792}