{"0":-0.14791670441627502,"1":0.11151766031980515,"2":0.06523244082927704,"3":-0.006064638029783964,"4":-0.07899133116006851,"5":-0.11914542317390442,"6":-0.06446880102157593,"7":-0.1528203785419464,"8":0.15536807477474213,"9":-0.07120901346206665,"10":0.24476243555545807,"11":-0.09433753788471222,"12":-0.20802028477191925,"13":-0.03220425918698311,"14":-0.0639326423406601,"15":0.14396680891513824,"16":-0.19778886437416077,"17":-0.16110920906066895,"18":-0.0057725729420781136,"19":-0.04008575156331062,"20":0.07110034674406052,"21":-0.03430018201470375,"22":-0.013826201669871807,"23":-0.003022104501724243,"24":-0.09233060479164124,"25":-0.3297549784183502,"26":-0.11103956401348114,"27":-0.10922997444868088,"28":0.07161382585763931,"29":-0.07173632085323334,"30":0.02179637923836708,"31":0.016784807667136192,"32":-0.1628754436969757,"33":-0.08896148949861526,"34":0.06411661207675934,"35":0.08596199750900269,"36":-0.05964334309101105,"37":0.01263236440718174,"38":0.2010267674922943,"39":-0.06016945838928223,"40":-0.20677760243415833,"41":0.03527582436800003,"42":0.06191173940896988,"43":0.2945861220359802,"44":0.11576095223426819,"45":0.1655125766992569,"46":0.019481610506772995,"47":-0.13621723651885986,"48":0.07800012826919556,"49":-0.20505711436271667,"50":0.11315185576677322,"51":0.18182282149791718,"52":0.11512511968612671,"53":0.08342050015926361,"54":0.07643633335828781,"55":-0.17212456464767456,"56":0.030489275231957436,"57":0.04999447241425514,"58":-0.18908508121967316,"59":0.11428755521774292,"60":0.1747990995645523,"61":0.03012966923415661,"62":0.019389359280467033,"63":-0.025809265673160553,"64":0.2469729334115982,"65":0.04958748817443848,"66":-0.15287630259990692,"67":-0.04825747758150101,"68":0.16620902717113495,"69":-0.13392053544521332,"70":-0.05495627969503403,"71":0.0723222866654396,"72":-0.09985995292663574,"73":-0.25527673959732056,"74":-0.2480829358100891,"75":0.017067838460206985,"76":0.4811824858188629,"77":0.11161141097545624,"78":-0.15351928770542145,"79":0.0079438965767622,"80":-0.010743239894509315,"81":-0.04488568380475044,"82":0.10970725119113922,"83":0.08787386864423752,"84":-0.0816166028380394,"85":0.03259608522057533,"86":-0.0783066675066948,"87":0.019317274913191795,"88":0.2136181741952896,"89":-0.022208230569958687,"90":-0.04910479858517647,"91":0.20631255209445953,"92":-0.001535604358650744,"93":0.05847512558102608,"94":-0.002046463778242469,"95":0.07916159182786942,"96":-0.0394032821059227,"97":-0.011855840682983398,"98":-0.15694069862365723,"99":-0.0514233373105526,"100":0.04708431288599968,"101":-0.023242801427841187,"102":-0.0353083536028862,"103":0.08788533508777618,"104":-0.13725082576274872,"105":0.16835612058639526,"106":0.043081000447273254,"107":0.027742361649870872,"108":-0.10001412034034729,"109":0.0666537955403328,"110":-0.09114044159650803,"111":-0.005576040130108595,"112":0.1472068428993225,"113":-0.23940244317054749,"114":0.2682085335254669,"115":0.19872425496578217,"116":0.06836169213056564,"117":0.11735931783914566,"118":0.07650795578956604,"119":-0.01101840939372778,"120":0.06456228345632553,"121":-0.08057545125484467,"122":-0.1578485071659088,"123":-0.10672834515571594,"124":0.014801106415688992,"125":-0.026033107191324234,"126":0.10131210833787918,"127":0.06180370971560478}