{"0":-0.0707988440990448,"1":0.10723748803138733,"2":0.13181789219379425,"3":-0.0771554633975029,"4":-0.11571229994297028,"5":-0.007560101803392172,"6":-0.09070438891649246,"7":-0.08233381062746048,"8":0.04250155761837959,"9":-0.08670507371425629,"10":0.26160383224487305,"11":-0.059442851692438126,"12":-0.22960682213306427,"13":-0.02463686093688011,"14":0.024987459182739258,"15":0.15004168450832367,"16":-0.13813266158103943,"17":-0.10639450699090958,"18":-0.1035177931189537,"19":-0.16055956482887268,"20":0.06169772520661354,"21":0.08386129885911942,"22":-0.051971450448036194,"23":0.03533051535487175,"24":-0.1155567318201065,"25":-0.2663067877292633,"26":-0.03761347383260727,"27":-0.029993873089551926,"28":0.1067052036523819,"29":-0.09207892417907715,"30":-0.07923388481140137,"31":0.07712488621473312,"32":-0.16410402953624725,"33":-0.0532529391348362,"34":0.07272828370332718,"35":0.11072832345962524,"36":0.05980097874999046,"37":-0.019196774810552597,"38":0.10542002320289612,"39":-0.022446012124419212,"40":-0.1763436496257782,"41":0.10367004573345184,"42":0.09870750457048416,"43":0.24166525900363922,"44":0.24601823091506958,"45":0.09861999750137329,"46":-0.00455361045897007,"47":-0.03978293016552925,"48":0.10265611112117767,"49":-0.1987372785806656,"50":0.07815507054328918,"51":0.15091784298419952,"52":0.14874637126922607,"53":0.041799746453762054,"54":0.07230775058269501,"55":-0.18515226244926453,"56":-0.07853993773460388,"57":0.12201891094446182,"58":-0.09477437287569046,"59":0.023472514003515244,"60":0.06967119872570038,"61":-0.045483365654945374,"62":-0.010147816501557827,"63":-0.1295948624610901,"64":0.1937386840581894,"65":0.07686570286750793,"66":-0.14921365678310394,"67":-0.12322424352169037,"68":0.14518766105175018,"69":-0.08974498510360718,"70":-0.1458866447210312,"71":0.024681566283106804,"72":-0.18222887814044952,"73":-0.03644084930419922,"74":-0.27932730317115784,"75":0.07054225355386734,"76":0.39595234394073486,"77":0.07291147112846375,"78":-0.28328976035118103,"79":0.018216213211417198,"80":0.026126183569431305,"81":0.016793807968497276,"82":0.08516842871904373,"83":0.07770342379808426,"84":-0.05174678936600685,"85":-0.046416472643613815,"86":-0.03274177014827728,"87":0.02269655279815197,"88":0.19479301571846008,"89":-0.0008765099919401109,"90":-0.013952868990600109,"91":0.17703945934772491,"92":-0.008794335648417473,"93":0.05222868174314499,"94":0.03005122020840645,"95":0.08275922387838364,"96":-0.10949383676052094,"97":-0.0544048510491848,"98":-0.16876108944416046,"99":-0.0731242448091507,"100":0.006023806054145098,"101":-0.025895537808537483,"102":-0.01808265969157219,"103":0.1952320635318756,"104":-0.173717200756073,"105":0.17893068492412567,"106":-0.028654219582676888,"107":0.03137670457363129,"108":-0.02028411254286766,"109":0.08453327417373657,"110":-0.01139614637941122,"111":-0.003997073508799076,"112":0.12913279235363007,"113":-0.18695755302906036,"114":0.17179252207279205,"115":0.20600368082523346,"116":-0.002593634184449911,"117":0.0629945918917656,"118":0.0935945138335228,"119":0.06553405523300171,"120":0.053518664091825485,"121":0.024508653208613396,"122":-0.1720803827047348,"123":-0.15240192413330078,"124":0.07172378897666931,"125":-0.10273512452840805,"126":0.05053956061601639,"127":0.038701288402080536}