{"0":-0.11292058974504471,"1":0.1828613430261612,"2":0.030275564640760422,"3":-0.038298312574625015,"4":-0.07526610791683197,"5":-0.12139685451984406,"6":-0.09357978403568268,"7":-0.10822021216154099,"8":0.08276403695344925,"9":-0.022215591743588448,"10":0.2659316062927246,"11":-0.009273078292608261,"12":-0.20044133067131042,"13":-0.14691773056983948,"14":-0.040962934494018555,"15":0.18055839836597443,"16":-0.15603524446487427,"17":-0.13723541796207428,"18":-0.0943303257226944,"19":-0.007069838233292103,"20":0.11313210427761078,"21":-0.02496912144124508,"22":0.04003284499049187,"23":0.044236477464437485,"24":-0.0872299075126648,"25":-0.3905867040157318,"26":-0.04157984256744385,"27":-0.07739889621734619,"28":-0.05360521748661995,"29":-0.018473459407687187,"30":0.011706934310495853,"31":0.0611407607793808,"32":-0.20463894307613373,"33":-0.07394851744174957,"34":0.016749467700719833,"35":0.044435665011405945,"36":0.022068360820412636,"37":0.048793449997901917,"38":0.17908871173858643,"39":0.019696837291121483,"40":-0.1999632567167282,"41":0.035550348460674286,"42":0.04961199313402176,"43":0.2824048101902008,"44":0.24890968203544617,"45":0.08679527789354324,"46":0.06914369761943817,"47":-0.038032595068216324,"48":0.08066126704216003,"49":-0.21608877182006836,"50":0.022377805784344673,"51":0.16067229211330414,"52":0.08477450907230377,"53":0.06025483459234238,"54":0.04451931267976761,"55":-0.10502859205007553,"56":0.05814431235194206,"57":0.06077951565384865,"58":-0.18474683165550232,"59":-0.03595386818051338,"60":0.0907692238688469,"61":-0.05294591560959816,"62":-0.07743391394615173,"63":-0.06608874350786209,"64":0.27830520272254944,"65":0.10025724768638611,"66":-0.13695719838142395,"67":-0.10861056298017502,"68":0.09817808866500854,"69":-0.12762221693992615,"70":-0.0798197090625763,"71":0.018812987953424454,"72":-0.18019765615463257,"73":-0.13401679694652557,"74":-0.3636283278465271,"75":0.04572813957929611,"76":0.3767981231212616,"77":0.11278174817562103,"78":-0.20005838572978973,"79":0.011478143744170666,"80":-0.04639778286218643,"81":0.05973978713154793,"82":0.11350071430206299,"83":0.008858068846166134,"84":-0.07018682360649109,"85":0.0037529554683715105,"86":-0.10973342508077621,"87":0.0116919856518507,"88":0.16027949750423431,"89":-0.008020665496587753,"90":-0.05610485002398491,"91":0.22660918533802032,"92":-0.002587993862107396,"93":0.0642004981637001,"94":0.022032836452126503,"95":0.05141972750425339,"96":-0.021044990047812462,"97":0.015692630782723427,"98":-0.12715737521648407,"99":0.05776326358318329,"100":0.022687498480081558,"101":-0.036202143877744675,"102":0.00831494852900505,"103":0.08224561810493469,"104":-0.12801188230514526,"105":0.04764275252819061,"106":-0.03480791300535202,"107":0.10504385828971863,"108":-0.04666881635785103,"109":0.06619084626436234,"110":-0.1334569752216339,"111":-0.09829892963171005,"112":0.06351732462644577,"113":-0.17019322514533997,"114":0.24033436179161072,"115":0.19597724080085754,"116":-0.0032759751193225384,"117":0.05679219216108322,"118":0.11641689389944077,"119":0.04162057861685753,"120":-0.04505061358213425,"121":-0.007628436665982008,"122":-0.14205136895179749,"123":-0.06053788587450981,"124":0.08915556222200394,"125":-0.018896520137786865,"126":0.08935863524675369,"127":0.01691998727619648}