{"0":-0.1189107745885849,"1":0.11536538600921631,"2":-0.01224471628665924,"3":-0.07262605428695679,"4":-0.20282550156116486,"5":0.0077932788990437984,"6":-0.10823242366313934,"7":-0.15418528020381927,"8":0.10980019718408585,"9":-0.16142718493938446,"10":0.30209675431251526,"11":-0.07178656756877899,"12":-0.18702144920825958,"13":-0.07800798863172531,"14":-0.0692971795797348,"15":0.15991269052028656,"16":-0.14957930147647858,"17":-0.12861427664756775,"18":-0.061131373047828674,"19":-0.07135006040334702,"20":-0.014530877582728863,"21":-0.06140393018722534,"22":-0.009251082316040993,"23":0.015986336395144463,"24":-0.017451968044042587,"25":-0.3866700828075409,"26":-0.023760730400681496,"27":-0.0749693214893341,"28":0.14016950130462646,"29":-0.03981358930468559,"30":-0.052468862384557724,"31":0.07403431087732315,"32":-0.16250182688236237,"33":-0.060269758105278015,"34":0.028354981914162636,"35":0.09056569635868073,"36":-0.07247017323970795,"37":-0.03544480353593826,"38":0.15971754491329193,"39":-0.05375371873378754,"40":-0.1667175590991974,"41":0.027417251840233803,"42":-0.02041277475655079,"43":0.25446557998657227,"44":0.14020465314388275,"45":0.040434833616018295,"46":0.06967370957136154,"47":-0.13648340106010437,"48":0.13367046415805817,"49":-0.21550734341144562,"50":0.0068527702242136,"51":0.15031662583351135,"52":0.07605555653572083,"53":0.002369486028328538,"54":0.03166007250547409,"55":-0.12682339549064636,"56":0.04584909975528717,"57":0.10654508322477341,"58":-0.22355236113071442,"59":0.008057919330894947,"60":0.09338447451591492,"61":-0.048084672540426254,"62":-0.07842104882001877,"63":-0.13193269073963165,"64":0.25192537903785706,"65":0.1516207456588745,"66":-0.08524339646100998,"67":-0.14456787705421448,"68":0.21462474763393402,"69":-0.11554334312677383,"70":-0.021477321162819862,"71":0.02215994894504547,"72":-0.08559036254882812,"73":-0.19974318146705627,"74":-0.21436385810375214,"75":0.03165312111377716,"76":0.39046111702919006,"77":0.20629599690437317,"78":-0.1272931545972824,"79":0.03753957152366638,"80":-0.030105063691735268,"81":-0.038707979023456573,"82":0.09235832095146179,"83":0.04433365911245346,"84":-0.08085508644580841,"85":-0.036438629031181335,"86":-0.06809598207473755,"87":0.004777075722813606,"88":0.16162621974945068,"89":-0.054114773869514465,"90":0.007205252069979906,"91":0.20219779014587402,"92":0.01361973024904728,"93":0.021106921136379242,"94":0.03671598806977272,"95":0.058582697063684464,"96":-0.13369321823120117,"97":0.012088793329894543,"98":-0.14449787139892578,"99":-0.034609079360961914,"100":0.013842307962477207,"101":-0.10424034297466278,"102":0.03820754215121269,"103":0.05730334669351578,"104":-0.16525621712207794,"105":0.16983675956726074,"106":-0.07085268199443817,"107":0.04137594997882843,"108":-0.006820601876825094,"109":-0.05277059227228165,"110":0.003487922018393874,"111":-0.012247939594089985,"112":0.13087902963161469,"113":-0.2202482372522354,"114":0.20234991610050201,"115":0.17587558925151825,"116":0.14114665985107422,"117":0.20140525698661804,"118":0.13314096629619598,"119":-0.011736053973436356,"120":0.03004506602883339,"121":-0.09174557030200958,"122":-0.18467594683170319,"123":-0.11060351878404617,"124":0.00837785005569458,"125":-0.07255169749259949,"126":0.0018227992113679647,"127":0.03665664419531822}