{"0":-0.1205270066857338,"1":0.1360638290643692,"2":0.04303780943155289,"3":-0.05523911863565445,"4":-0.12197726964950562,"5":-0.06636036932468414,"6":-0.11512672156095505,"7":-0.17161166667938232,"8":0.0302202757447958,"9":-0.0715557187795639,"10":0.19847357273101807,"11":-0.09575489163398743,"12":-0.24433748424053192,"13":-0.00647376524284482,"14":-0.09072849154472351,"15":0.13961276412010193,"16":-0.17999489605426788,"17":-0.16251765191555023,"18":-0.02550768479704857,"19":0.01268427912145853,"20":0.12824907898902893,"21":0.04664703831076622,"22":-0.0013895159354433417,"23":0.017709797248244286,"24":-0.12979525327682495,"25":-0.21834878623485565,"26":-0.0961608737707138,"27":-0.04733488708734512,"28":0.039446160197257996,"29":-0.0660037025809288,"30":-0.03414391726255417,"31":0.013473404571413994,"32":-0.19258837401866913,"33":-0.045447543263435364,"34":0.05811239778995514,"35":0.10403785109519958,"36":-0.014636491425335407,"37":-0.05220724642276764,"38":0.20866547524929047,"39":-0.02052311785519123,"40":-0.18429876863956451,"41":0.05607738345861435,"42":0.08964578062295914,"43":0.2658221125602722,"44":0.1430007517337799,"45":0.08124770224094391,"46":-0.022827064618468285,"47":-0.1645720899105072,"48":0.0009493171237409115,"49":-0.1654946655035019,"50":0.10383463650941849,"51":0.17706267535686493,"52":0.09130924195051193,"53":0.12034553289413452,"54":0.018927808851003647,"55":-0.19055411219596863,"56":0.06577572226524353,"57":0.07739286124706268,"58":-0.1260579377412796,"59":0.036331746727228165,"60":0.14391830563545227,"61":-0.0068414597772061825,"62":0.06227831915020943,"63":-0.10321404784917831,"64":0.2903032898902893,"65":-0.005268849898129702,"66":-0.15340131521224976,"67":-0.0873471349477768,"68":0.11075897514820099,"69":-0.07597550749778748,"70":-0.13170507550239563,"71":0.030175404623150826,"72":-0.11548088490962982,"73":-0.13991679251194,"74":-0.28695452213287354,"75":0.047916848212480545,"76":0.4089154303073883,"77":0.11975102871656418,"78":-0.23230862617492676,"79":0.06350591778755188,"80":-0.035992443561553955,"81":-0.06822396069765091,"82":0.11932899802923203,"83":0.08634977042675018,"84":-0.05467651039361954,"85":0.008802688680589199,"86":-0.0645509660243988,"87":0.02294083684682846,"88":0.20848862826824188,"89":-0.04836904630064964,"90":-0.01714351586997509,"91":0.22458890080451965,"92":0.03509046137332916,"93":0.04329788684844971,"94":0.06771472841501236,"95":0.05489109829068184,"96":-0.06130834296345711,"97":0.017213525250554085,"98":-0.11743323504924774,"99":0.017931949347257614,"100":0.023927772417664528,"101":-0.09058479219675064,"102":-0.0041288528591394424,"103":0.19209451973438263,"104":-0.11111482232809067,"105":0.09237467497587204,"106":0.041908930987119675,"107":-0.011367312632501125,"108":-0.028146425262093544,"109":0.06312675029039383,"110":-0.15368206799030304,"111":-0.10524070262908936,"112":0.12354525178670883,"113":-0.2710181772708893,"114":0.22333937883377075,"115":0.16205941140651703,"116":0.05861426889896393,"117":0.08809921145439148,"118":0.1621962934732437,"119":0.13240256905555725,"120":0.031685370951890945,"121":0.037418536841869354,"122":-0.16422170400619507,"123":-0.06640210747718811,"124":0.12856847047805786,"125":-0.011875595897436142,"126":0.10854529589414597,"127":0.10162216424942017}