{"0":-0.1690601408481598,"1":0.1295330971479416,"2":0.03493792191147804,"3":-0.01968567445874214,"4":-0.061910055577754974,"5":-0.005872481502592564,"6":-0.05525549128651619,"7":-0.12599241733551025,"8":0.05468592047691345,"9":-0.044384703040122986,"10":0.24303942918777466,"11":-0.04216462001204491,"12":-0.20758602023124695,"13":-0.09166917204856873,"14":-0.05266141518950462,"15":0.16212162375450134,"16":-0.24238596856594086,"17":-0.10622137784957886,"18":-0.05932096764445305,"19":-0.0006223433301784098,"20":0.07622843235731125,"21":-0.01949971728026867,"22":-0.05466952547430992,"23":0.06434107571840286,"24":-0.06656365841627121,"25":-0.2634228467941284,"26":-0.04410771280527115,"27":-0.0728984847664833,"28":0.024586187675595284,"29":-0.03513801097869873,"30":-0.06025832146406174,"31":-0.019018683582544327,"32":-0.1755339652299881,"33":-0.06372217833995819,"34":0.015000752173364162,"35":0.051032014191150665,"36":-0.003822870086878538,"37":0.018105363473296165,"38":0.1252652406692505,"39":-0.02993546612560749,"40":-0.13078680634498596,"41":0.09973762929439545,"42":0.08857101947069168,"43":0.3174799084663391,"44":0.22218409180641174,"45":0.10090294480323792,"46":0.0014088653260841966,"47":-0.04543950408697128,"48":0.11977047473192215,"49":-0.2642301023006439,"50":0.016517041251063347,"51":0.12184148281812668,"52":0.20421145856380463,"53":0.05989247187972069,"54":0.04099399968981743,"55":-0.22130067646503448,"56":-0.026144903153181076,"57":0.05384557321667671,"58":-0.08998153358697891,"59":0.10785674303770065,"60":0.0483257994055748,"61":-0.02142324298620224,"62":0.08163756132125854,"63":-0.07468293607234955,"64":0.23484839498996735,"65":0.05095110461115837,"66":-0.1577833890914917,"67":-0.0914343073964119,"68":0.0406450480222702,"69":-0.11382164806127548,"70":-0.04274097457528114,"71":0.014197289012372494,"72":-0.15147119760513306,"73":-0.1866229921579361,"74":-0.3431266248226166,"75":0.04688757658004761,"76":0.3876475393772125,"77":0.12874221801757812,"78":-0.2082224190235138,"79":-0.01564829796552658,"80":-0.055936049669981,"81":0.04043591395020485,"82":0.12596382200717926,"83":0.05201501399278641,"84":-0.055344272404909134,"85":-0.04449142888188362,"86":-0.11135450005531311,"87":-0.015610271133482456,"88":0.21076123416423798,"89":-0.059337589889764786,"90":-0.03631296008825302,"91":0.19792026281356812,"92":0.0005334942252375185,"93":0.010143309831619263,"94":-0.02424873784184456,"95":0.021378038451075554,"96":-0.037633392959833145,"97":0.012851211242377758,"98":-0.09800023585557938,"99":0.05713069811463356,"100":-0.0881919339299202,"101":-0.0868661031126976,"102":0.04783794283866882,"103":0.0838431864976883,"104":-0.14638489484786987,"105":0.04303429648280144,"106":0.013897685334086418,"107":0.07713640481233597,"108":-0.06278762221336365,"109":0.08419126272201538,"110":-0.17659637331962585,"111":-0.03389672562479973,"112":0.10811686515808105,"113":-0.2462175190448761,"114":0.2390403151512146,"115":0.23232433199882507,"116":0.02507004141807556,"117":0.09567805379629135,"118":0.09470362961292267,"119":0.05093061551451683,"120":-0.010866808705031872,"121":0.07017333060503006,"122":-0.04599326476454735,"123":-0.06374594569206238,"124":0.06342710554599762,"125":-0.030682485550642014,"126":0.0885925441980362,"127":0.033196236938238144}