{"0":-0.072052001953125,"1":0.10455610603094101,"2":0.014428752474486828,"3":-0.0482402928173542,"4":-0.08042805641889572,"5":-0.04454658925533295,"6":-0.1404879093170166,"7":-0.1546783298254013,"8":0.11463803052902222,"9":-0.12150037288665771,"10":0.31881752610206604,"11":-0.008916589431464672,"12":-0.1681135892868042,"13":-0.11924127489328384,"14":-0.07813020050525665,"15":0.15366654098033905,"16":-0.22522813081741333,"17":-0.09818947315216064,"18":-0.010896488092839718,"19":0.033760931342840195,"20":0.1487381011247635,"21":-0.03319965675473213,"22":0.06022698059678078,"23":0.05123842507600784,"24":-0.16427023708820343,"25":-0.27879562973976135,"26":-0.10268573462963104,"27":-0.09754035621881485,"28":0.037469323724508286,"29":-0.05008477345108986,"30":-0.08358394354581833,"31":-0.014114225283265114,"32":-0.2547275424003601,"33":-0.04152792692184448,"34":-0.0199364572763443,"35":0.057016145437955856,"36":-0.03942515701055527,"37":-0.06140695884823799,"38":0.1556748002767563,"39":-0.04299495369195938,"40":-0.23235154151916504,"41":0.10091270506381989,"42":-0.035211171954870224,"43":0.1988098919391632,"44":0.19763091206550598,"45":0.03466821834445,"46":0.03011462092399597,"47":-0.17009688913822174,"48":0.13074466586112976,"49":-0.17916059494018555,"50":0.1189868226647377,"51":0.1679435670375824,"52":0.16147033870220184,"53":0.05432375147938728,"54":-0.02499125339090824,"55":-0.09959042817354202,"56":0.05959565192461014,"57":0.12369012832641602,"58":-0.15755967795848846,"59":0.016501182690262794,"60":0.09671619534492493,"61":-0.02989530749619007,"62":0.05507950112223625,"63":-0.08799837529659271,"64":0.16949693858623505,"65":0.08011605590581894,"66":-0.13129258155822754,"67":-0.1523386687040329,"68":0.06978560239076614,"69":-0.12515191733837128,"70":-0.06759834289550781,"71":0.10324692726135254,"72":-0.14423620700836182,"73":-0.26884061098098755,"74":-0.3572153151035309,"75":0.03619062900543213,"76":0.3534863591194153,"77":0.15862956643104553,"78":-0.2037869542837143,"79":0.04785453900694847,"80":-0.05891743674874306,"81":-0.016578851267695427,"82":0.10307718813419342,"83":0.10753635317087173,"84":-0.01635664887726307,"85":0.020871900022029877,"86":-0.11991576105356216,"87":0.03423329070210457,"88":0.24446547031402588,"89":-0.11108070611953735,"90":-0.04221421107649803,"91":0.28519347310066223,"92":-0.01127602532505989,"93":0.04340232163667679,"94":0.010413317009806633,"95":0.07839909940958023,"96":-0.05563994497060776,"97":0.04751242697238922,"98":-0.05652680993080139,"99":0.05871547758579254,"100":0.01074664294719696,"101":-0.03912515938282013,"102":-0.05918406695127487,"103":0.08183825016021729,"104":-0.1432068794965744,"105":0.12919001281261444,"106":-0.03350460156798363,"107":0.035857535898685455,"108":-0.006144613493233919,"109":-0.05997743457555771,"110":-0.13527143001556396,"111":-0.07773302495479584,"112":0.10350245237350464,"113":-0.24032807350158691,"114":0.24691741168498993,"115":0.16046889126300812,"116":0.11524872481822968,"117":0.13985882699489594,"118":0.13571366667747498,"119":0.06791563332080841,"120":-0.030455419793725014,"121":-0.061461009085178375,"122":-0.19903013110160828,"123":-0.04192230850458145,"124":0.13373054563999176,"125":-0.04676131531596184,"126":0.12518176436424255,"127":0.006941094994544983}